clause_id,risk_label,domain
C00001,Critical,hr
C00002,Low,academic
C00003,Critical,legal
C00004,Low,academic
C00005,Medium,legal
C00006,Critical,legal
C00007,High,legal
C00008,Critical,legal
C00009,Critical,legal
C00010,Critical,legal
C00011,Low,legal
C00012,Low,legal
C00013,High,legal
C00014,High,legal
C00015,Low,legal
C00016,Low,academic
C00017,High,hr
C00018,Critical,hr
C00019,Critical,privacy
C00020,Critical,legal
C00021,High,legal
C00022,High,legal
C00023,Low,legal
C00024,High,hr
C00025,Medium,legal
C00026,Critical,legal
C00027,Low,legal
C00028,Low,legal
C00029,Medium,legal
C00030,High,legal
C00031,Medium,legal
C00032,High,legal
C00033,Low,academic
C00034,Medium,legal
C00035,Medium,legal
C00036,Critical,legal
C00037,Critical,legal
C00038,High,legal
C00039,Medium,academic
C00040,Low,legal
C00041,Medium,legal
C00042,High,legal
C00043,Low,legal
C00044,Critical,academic
C00045,Low,legal
C00046,Low,legal
C00047,High,hr
C00048,Critical,legal
C00049,Critical,legal
C00050,Low,hr
C00051,High,legal
C00052,Low,academic
C00053,Critical,legal
C00054,High,legal
C00055,Critical,legal
C00056,Critical,legal
C00057,Medium,legal
C00058,High,legal
C00059,Low,legal
C00060,Low,academic
C00061,Low,legal
C00062,Critical,legal
C00063,Medium,legal
C00064,Low,legal
C00065,Medium,legal
C00066,High,academic
C00067,Low,legal
C00068,Critical,legal
C00069,High,legal
C00070,Critical,legal
C00071,High,legal
C00072,Low,legal
C00073,Low,legal
C00074,Critical,legal
C00075,Critical,legal
C00076,Low,legal
C00077,Low,legal
C00078,High,academic
C00079,Critical,privacy
C00080,High,hr
C00081,Medium,legal
C00082,Critical,legal
C00083,High,privacy
C00084,Critical,legal
C00085,Low,legal
C00086,Critical,privacy
C00087,Low,legal
C00088,High,legal
C00089,Medium,legal
C00090,Medium,legal
C00091,High,legal
C00092,Medium,legal
C00093,Low,legal
C00094,Critical,privacy
C00095,High,legal
C00096,High,academic
C00097,High,legal
C00098,Low,legal
C00099,High,legal
C00100,Critical,academic
C00101,Critical,legal
C00102,Medium,legal
C00103,Medium,legal
C00104,Critical,legal
C00105,Medium,legal
C00106,Critical,legal
C00107,Critical,legal
C00108,Critical,privacy
C00109,Low,hr
C00110,Low,legal
C00111,Low,legal
C00112,High,legal
C00113,Low,legal
C00114,High,legal
C00115,High,legal
C00116,Low,legal
C00117,Critical,legal
C00118,High,academic
C00119,Critical,academic
C00120,Low,legal
C00121,High,legal
C00122,Medium,legal
C00123,High,legal
C00124,Medium,legal
C00125,Low,legal
C00126,Medium,legal
C00127,High,legal
C00128,Low,legal
C00129,Critical,legal
C00130,High,legal
C00131,Medium,hr
C00132,Low,academic
C00133,Medium,legal
C00134,Medium,legal
C00135,High,legal
C00136,Medium,legal
C00137,Low,hr
C00138,Low,academic
C00139,Critical,legal
C00140,High,legal
C00141,Medium,academic
C00142,High,legal
C00143,High,legal
C00144,Critical,legal
C00145,Critical,legal
C00146,Critical,hr
C00147,Medium,legal
C00148,High,academic
C00149,Medium,legal
C00150,Low,academic
C00151,High,privacy
C00152,Medium,legal
C00153,Critical,legal
C00154,Medium,legal
C00155,Low,academic
C00156,Low,legal
C00157,High,privacy
C00158,Low,hr
C00159,Medium,legal
C00160,Medium,legal
C00161,Low,academic
C00162,Low,legal
C00163,Medium,legal
C00164,Medium,legal
C00165,Critical,legal
C00166,Low,legal
C00167,High,legal
C00168,Medium,legal
C00169,Critical,hr
C00170,High,legal
C00171,High,legal
C00172,Critical,legal
C00173,Low,legal
C00174,Critical,hr
C00175,Medium,legal
C00176,High,legal
C00177,Medium,legal
C00178,Critical,legal
C00179,Medium,academic
C00180,Low,legal
C00181,Medium,privacy
C00182,High,legal
C00183,Low,legal
C00184,High,academic
C00185,Low,legal
C00186,Low,legal
C00187,Low,legal
C00188,Medium,legal
C00189,Critical,legal
C00190,High,legal
C00191,Medium,legal
C00192,Low,legal
C00193,Low,legal
C00194,High,legal
C00195,High,legal
C00196,High,legal
C00197,Low,legal
C00198,Medium,legal
C00199,Critical,legal
C00200,Critical,legal
C00201,Medium,legal
C00202,Low,legal
C00203,High,legal
C00204,Low,legal
C00205,Medium,legal
C00206,High,legal
C00207,Critical,privacy
C00208,Low,legal
C00209,Low,legal
C00210,High,legal
C00211,High,legal
C00212,Low,academic
C00213,Medium,legal
C00214,Medium,legal
C00215,High,legal
C00216,Critical,privacy
C00217,Medium,legal
C00218,Medium,legal
C00219,Critical,academic
C00220,Low,legal
C00221,Critical,academic
C00222,Medium,legal
C00223,Medium,legal
C00224,High,hr
C00225,High,legal
C00226,Medium,legal
C00227,Low,legal
C00228,High,legal
C00229,Medium,legal
C00230,High,legal
C00231,High,privacy
C00232,Low,legal
C00233,High,legal
C00234,Medium,legal
C00235,Critical,legal
C00236,Critical,legal
C00237,High,legal
C00238,High,legal
C00239,Critical,legal
C00240,High,hr
C00241,High,privacy
C00242,Low,legal
C00243,Medium,legal
C00244,Low,academic
C00245,Low,legal
C00246,Critical,legal
C00247,Low,legal
C00248,Critical,legal
C00249,Medium,legal
C00250,Critical,hr
C00251,High,legal
C00252,Critical,legal
C00253,High,academic
C00254,Low,legal
C00255,Medium,legal
C00256,Low,legal
C00257,Medium,legal
C00258,High,hr
C00259,Low,legal
C00260,Low,academic
C00261,Critical,legal
C00262,Critical,legal
C00263,High,legal
C00264,Medium,academic
C00265,High,legal
C00266,Medium,legal
C00267,Low,legal
C00268,Low,academic
C00269,Low,academic
C00270,Medium,legal
C00271,Critical,legal
C00272,Low,legal
C00273,High,legal
C00274,Medium,hr
C00275,Medium,legal
C00276,Critical,legal
C00277,High,legal
C00278,Low,legal
C00279,High,legal
C00280,Medium,legal
C00281,Medium,legal
C00282,High,legal
C00283,Critical,hr
C00284,Medium,legal
C00285,High,legal
C00286,Critical,legal
C00287,High,legal
C00288,Medium,legal
C00289,Critical,legal
C00290,High,academic
C00291,Medium,legal
C00292,Critical,legal
C00293,Critical,legal
C00294,Low,legal
C00295,High,legal
C00296,Low,academic
C00297,Critical,legal
C00298,Medium,academic
C00299,High,legal
C00300,Critical,privacy
C00301,High,legal
C00302,Critical,legal
C00303,Critical,hr
C00304,Critical,legal
C00305,High,privacy
C00306,Medium,legal
C00307,Critical,legal
C00308,Medium,hr
C00309,Critical,academic
C00310,Critical,legal
C00311,Low,legal
C00312,Medium,legal
C00313,Critical,legal
C00314,Low,legal
C00315,Low,academic
C00316,High,legal
C00317,Critical,hr
C00318,Low,legal
C00319,Critical,hr
C00320,Low,legal
C00321,Low,legal
C00322,Medium,legal
C00323,Critical,legal
C00324,Low,academic
C00325,High,legal
C00326,Critical,legal
C00327,Medium,legal
C00328,Critical,legal
C00329,Medium,legal
C00330,High,legal
C00331,Critical,legal
C00332,Critical,legal
C00333,Critical,hr
C00334,Medium,legal
C00335,Low,academic
C00336,Medium,legal
C00337,Critical,hr
C00338,Critical,legal
C00339,Critical,legal
C00340,Medium,legal
C00341,Medium,legal
C00342,High,legal
C00343,Critical,hr
C00344,Medium,academic
C00345,Medium,legal
C00346,Medium,legal
C00347,Low,legal
C00348,High,academic
C00349,Medium,legal
C00350,Medium,legal
C00351,Critical,legal
C00352,Critical,legal
C00353,High,legal
C00354,Critical,legal
C00355,High,legal
C00356,Low,legal
C00357,Critical,legal
C00358,Low,academic
C00359,Critical,legal
C00360,Medium,legal
C00361,Low,legal
C00362,Medium,legal
C00363,Critical,legal
C00364,Critical,legal
C00365,Medium,academic
C00366,Critical,legal
C00367,High,legal
C00368,Medium,legal
C00369,High,legal
C00370,Low,legal
C00371,Critical,privacy
C00372,High,legal
C00373,Medium,legal
C00374,Low,academic
C00375,High,legal
C00376,Medium,legal
C00377,Critical,hr
C00378,Critical,legal
C00379,Medium,legal
C00380,Low,legal
C00381,Low,legal
C00382,High,legal
C00383,High,legal
C00384,Medium,legal
C00385,Critical,legal
C00386,Critical,privacy
C00387,Low,legal
C00388,Critical,legal
C00389,Critical,academic
C00390,Low,legal
C00391,Critical,hr
C00392,High,legal
C00393,Medium,legal
C00394,Medium,legal
C00395,Medium,legal
C00396,Medium,legal
C00397,Low,legal
C00398,Low,legal
C00399,High,legal
C00400,High,hr
C00401,Medium,legal
C00402,High,academic
C00403,High,legal
C00404,High,academic
C00405,High,legal
C00406,Critical,legal
C00407,Critical,legal
C00408,Medium,legal
C00409,Medium,legal
C00410,Critical,legal
C00411,Critical,academic
C00412,High,legal
C00413,High,legal
C00414,High,legal
C00415,High,legal
C00416,Critical,legal
C00417,High,legal
C00418,Critical,legal
C00419,Medium,legal
C00420,High,legal
C00421,Medium,legal
C00422,High,legal
C00423,Critical,hr
C00424,Medium,legal
C00425,High,academic
C00426,High,legal
C00427,Critical,academic
C00428,High,legal
C00429,High,legal
C00430,High,legal
C00431,High,privacy
C00432,Medium,legal
C00433,Medium,legal
C00434,Medium,legal
C00435,High,privacy
C00436,Critical,academic
C00437,Low,legal
C00438,Critical,legal
C00439,High,legal
C00440,Low,academic
C00441,Critical,legal
C00442,Medium,legal
C00443,High,legal
C00444,High,legal
C00445,High,legal
C00446,High,legal
C00447,Critical,legal
C00448,Low,legal
C00449,Low,legal
C00450,Critical,legal
C00451,Critical,legal
C00452,Low,legal
C00453,Medium,legal
C00454,Low,legal
C00455,Critical,hr
C00456,Medium,legal
C00457,High,legal
C00458,High,legal
C00459,Medium,legal
C00460,Critical,academic
C00461,Low,legal
C00462,Low,legal
C00463,Low,academic
C00464,High,hr
C00465,Low,legal
C00466,Medium,legal
C00467,Critical,legal
C00468,Medium,legal
C00469,Low,legal
C00470,High,legal
C00471,Critical,legal
C00472,Medium,legal
C00473,Critical,legal
C00474,Low,legal
C00475,Critical,legal
C00476,Critical,academic
C00477,High,legal
C00478,Medium,legal
C00479,Low,academic
C00480,High,legal
C00481,Low,legal
C00482,Critical,legal
C00483,High,academic
C00484,High,legal
C00485,Low,legal
C00486,High,legal
C00487,Critical,legal
C00488,Low,academic
C00489,Critical,academic
C00490,High,legal
C00491,High,legal
C00492,Critical,legal
C00493,Low,legal
C00494,Low,legal
C00495,High,legal
C00496,Medium,legal
C00497,Critical,hr
C00498,Critical,legal
C00499,Medium,legal
C00500,Low,academic
C00501,High,hr
C00502,High,academic
C00503,High,legal
C00504,Critical,legal
C00505,High,legal
C00506,Medium,academic
C00507,Low,legal
C00508,Medium,legal
C00509,High,privacy
C00510,Low,legal
C00511,Low,legal
C00512,Low,legal
C00513,Critical,privacy
C00514,Medium,legal
C00515,High,legal
C00516,High,privacy
C00517,Medium,legal
C00518,Critical,legal
C00519,Critical,legal
C00520,Critical,legal
C00521,Medium,legal
C00522,Low,legal
C00523,Critical,legal
C00524,Low,legal
C00525,Medium,legal
C00526,Medium,legal
C00527,Medium,legal
C00528,High,privacy
C00529,Medium,legal
C00530,Critical,hr
C00531,Low,academic
C00532,Low,privacy
C00533,Medium,legal
C00534,Medium,legal
C00535,Critical,legal
C00536,High,legal
C00537,Low,academic
C00538,Critical,legal
C00539,Medium,legal
C00540,Low,academic
C00541,High,legal
C00542,Critical,legal
C00543,Critical,legal
C00544,High,legal
C00545,Critical,legal
C00546,High,legal
C00547,Low,legal
C00548,Low,academic
C00549,Critical,legal
C00550,Medium,legal
C00551,Medium,legal
C00552,Critical,academic
C00553,High,legal
C00554,High,legal
C00555,Critical,legal
C00556,Medium,legal
C00557,High,legal
C00558,Critical,legal
C00559,Medium,legal
C00560,High,legal
C00561,Critical,legal
C00562,Critical,legal
C00563,Critical,legal
C00564,High,legal
C00565,Low,legal
C00566,Low,legal
C00567,Low,academic
C00568,High,academic
C00569,Medium,legal
C00570,Medium,legal
C00571,High,legal
C00572,Medium,legal
C00573,Low,legal
C00574,Critical,academic
C00575,Critical,privacy
C00576,High,legal
C00577,High,legal
C00578,Critical,academic
C00579,Critical,hr
C00580,Low,academic
C00581,Medium,legal
C00582,Medium,legal
C00583,Low,legal
C00584,Low,legal
C00585,Critical,legal
C00586,Low,legal
C00587,Medium,legal
C00588,Medium,legal
C00589,Low,legal
C00590,Critical,privacy
C00591,High,legal
C00592,High,legal
C00593,Critical,legal
C00594,Low,legal
C00595,Low,legal
C00596,High,legal
C00597,High,legal
C00598,Medium,legal
C00599,High,legal
C00600,Critical,legal
C00601,Critical,legal
C00602,Critical,legal
C00603,Medium,legal
C00604,High,hr
C00605,High,legal
C00606,High,legal
C00607,High,legal
C00608,Medium,legal
C00609,Critical,legal
C00610,Medium,legal
C00611,Medium,legal
C00612,Medium,legal
C00613,Low,legal
C00614,Low,legal
C00615,Low,legal
C00616,Medium,legal
C00617,Medium,legal
C00618,Critical,hr
C00619,High,hr
C00620,High,legal
C00621,Medium,legal
C00622,Medium,hr
C00623,Critical,legal
C00624,Critical,privacy
C00625,High,legal
C00626,High,legal
C00627,High,legal
C00628,High,legal
C00629,Low,legal
C00630,Critical,legal
C00631,Critical,legal
C00632,Critical,academic
C00633,Medium,legal
C00634,High,hr
C00635,Critical,legal
C00636,Low,legal
C00637,Critical,legal
C00638,Critical,privacy
C00639,Low,legal
C00640,Medium,academic
C00641,High,legal
C00642,Medium,legal
C00643,Medium,legal
C00644,Critical,legal
C00645,High,legal
C00646,Critical,hr
C00647,Medium,legal
C00648,Medium,legal
C00649,Medium,legal
C00650,Low,academic
C00651,Critical,legal
C00652,Critical,legal
C00653,Critical,legal
C00654,Low,legal
C00655,Medium,legal
C00656,Medium,legal
C00657,Low,legal
C00658,Low,academic
C00659,Low,legal
C00660,Low,legal
C00661,Medium,legal
C00662,Medium,legal
C00663,Low,academic
C00664,Critical,legal
C00665,Medium,legal
C00666,High,legal
C00667,Medium,legal
C00668,Low,legal
C00669,Medium,legal
C00670,Medium,legal
C00671,Critical,privacy
C00672,Low,legal
C00673,Low,legal
C00674,Critical,legal
C00675,Low,legal
C00676,Low,legal
C00677,Medium,legal
C00678,High,academic
C00679,Critical,hr
C00680,Critical,legal
C00681,Medium,legal
C00682,Medium,legal
C00683,High,legal
C00684,Medium,legal
C00685,High,legal
C00686,Low,legal
C00687,High,legal
C00688,Medium,legal
C00689,High,legal
C00690,Critical,legal
C00691,High,legal
C00692,High,legal
C00693,High,legal
C00694,High,legal
C00695,Low,legal
C00696,High,legal
C00697,Medium,legal
C00698,Critical,privacy
C00699,Critical,academic
C00700,Low,legal
C00701,High,privacy
C00702,Critical,legal
C00703,Low,legal
C00704,Low,legal
C00705,Medium,legal
C00706,Medium,legal
C00707,High,academic
C00708,High,legal
C00709,Critical,legal
C00710,Medium,legal
C00711,Low,legal
C00712,Critical,legal
C00713,High,legal
C00714,High,legal
C00715,Low,legal
C00716,Low,legal
C00717,High,privacy
C00718,Medium,legal
C00719,Medium,legal
C00720,High,privacy
C00721,Critical,legal
C00722,Medium,academic
C00723,Low,academic
C00724,Critical,legal
C00725,High,legal
C00726,Critical,academic
C00727,Low,legal
C00728,Medium,hr
C00729,High,legal
C00730,Medium,legal
C00731,Critical,legal
C00732,High,privacy
C00733,Medium,legal
C00734,Critical,academic
C00735,High,academic
C00736,Low,legal
C00737,Medium,legal
C00738,Low,legal
C00739,High,legal
C00740,High,academic
C00741,Critical,privacy
C00742,High,legal
C00743,Critical,hr
C00744,Critical,legal
C00745,Medium,legal
C00746,Medium,legal
C00747,Medium,legal
C00748,Low,legal
C00749,Medium,legal
C00750,Medium,legal
C00751,Critical,legal
C00752,Medium,legal
C00753,High,legal
C00754,Medium,legal
C00755,Critical,privacy
C00756,Low,legal
C00757,High,legal
C00758,High,legal
C00759,Critical,legal
C00760,High,legal
C00761,Medium,legal
C00762,Critical,hr
C00763,High,privacy
C00764,Medium,hr
C00765,Critical,legal
C00766,High,legal
C00767,Medium,legal
C00768,Medium,legal
C00769,Low,legal
C00770,Critical,legal
C00771,High,legal
C00772,High,hr
C00773,Medium,legal
C00774,High,legal
C00775,Low,legal
C00776,High,legal
C00777,Low,academic
C00778,Critical,legal
C00779,Low,legal
C00780,Low,legal
C00781,Low,legal
C00782,Low,legal
C00783,Medium,legal
C00784,Low,legal
C00785,Low,legal
C00786,High,legal
C00787,Medium,legal
C00788,Low,legal
C00789,High,legal
C00790,High,legal
C00791,Critical,legal
C00792,Critical,legal
C00793,Critical,hr
C00794,Medium,legal
C00795,Critical,legal
C00796,High,legal
C00797,Critical,legal
C00798,Low,academic
C00799,High,legal
C00800,Medium,legal
C00801,Low,academic
C00802,Critical,legal
C00803,Medium,legal
C00804,High,academic
C00805,Critical,privacy
C00806,Low,legal
C00807,Low,legal
C00808,High,legal
C00809,Medium,legal
C00810,Critical,legal
C00811,High,legal
C00812,High,legal
C00813,Critical,legal
C00814,Critical,legal
C00815,High,legal
C00816,Critical,legal
C00817,Critical,legal
C00818,High,legal
C00819,Critical,legal
C00820,Medium,legal
C00821,Critical,legal
C00822,Critical,legal
C00823,Low,legal
C00824,Medium,legal
C00825,Low,hr
C00826,Medium,hr
C00827,High,legal
C00828,Low,legal
C00829,High,legal
C00830,Low,academic
C00831,Medium,legal
C00832,Low,legal
C00833,Low,legal
C00834,Medium,legal
C00835,High,legal
C00836,High,legal
C00837,Medium,legal
C00838,High,legal
C00839,Critical,hr
C00840,Medium,legal
C00841,High,legal
C00842,Low,legal
C00843,Critical,legal
C00844,Medium,legal
C00845,Low,legal
C00846,High,legal
C00847,Critical,privacy
C00848,Low,legal
C00849,Low,legal
C00850,Low,legal
C00851,Critical,legal
C00852,Low,legal
C00853,High,legal
C00854,Critical,legal
C00855,High,privacy
C00856,Medium,legal
C00857,Low,academic
C00858,Low,legal
C00859,Low,academic
C00860,High,legal
C00861,Low,legal
C00862,Critical,privacy
C00863,High,privacy
C00864,Medium,legal
C00865,High,hr
C00866,Low,academic
C00867,Critical,privacy
C00868,Critical,legal
C00869,High,legal
C00870,Low,legal
C00871,Medium,legal
C00872,Medium,legal
C00873,Medium,legal
C00874,Low,legal
C00875,Critical,legal
C00876,Low,academic
C00877,Critical,academic
C00878,Medium,legal
C00879,Critical,privacy
C00880,Medium,academic
C00881,High,privacy
C00882,Low,legal
C00883,Low,legal
C00884,Critical,legal
C00885,Medium,privacy
C00886,Critical,legal
C00887,Low,academic
C00888,Critical,hr
C00889,Low,academic
C00890,Low,hr
C00891,Medium,legal
C00892,Medium,legal
C00893,Critical,legal
C00894,High,privacy
C00895,Critical,legal
C00896,Low,legal
C00897,High,legal
C00898,Low,academic
C00899,Critical,academic
C00900,Critical,legal
C00901,Critical,legal
C00902,Low,legal
C00903,Medium,legal
C00904,High,legal
C00905,Critical,legal
C00906,Medium,legal
C00907,Critical,legal
C00908,High,legal
C00909,Critical,legal
C00910,High,legal
C00911,High,legal
C00912,High,legal
C00913,Medium,legal
C00914,High,legal
C00915,High,legal
C00916,Critical,academic
C00917,Low,legal
C00918,Critical,legal
C00919,Low,hr
C00920,Critical,legal
C00921,Critical,legal
C00922,Medium,legal
C00923,High,legal
C00924,Low,legal
C00925,Low,legal
C00926,High,legal
C00927,Critical,legal
C00928,Critical,legal
C00929,Critical,legal
C00930,High,legal
C00931,Critical,academic
C00932,Medium,legal
C00933,Medium,legal
C00934,Low,legal
C00935,Medium,legal
C00936,Medium,academic
C00937,Low,academic
C00938,Critical,hr
C00939,High,hr
C00940,Medium,legal
C00941,Medium,legal
C00942,Critical,legal
C00943,High,legal
C00944,High,legal
C00945,High,legal
C00946,High,legal
C00947,Critical,legal
C00948,Critical,legal
C00949,Medium,legal
C00950,High,legal
C00951,Critical,legal
C00952,Low,legal
C00953,Critical,legal
C00954,Medium,legal
C00955,Medium,legal
C00956,Low,legal
C00957,Medium,legal
C00958,Critical,legal
C00959,Low,legal
C00960,Critical,legal
C00961,Critical,legal
C00962,Medium,legal
C00963,Low,legal
C00964,Low,legal
C00965,Low,legal
C00966,Medium,legal
C00967,High,legal
C00968,High,academic
C00969,Critical,legal
C00970,Low,legal
C00971,Medium,legal
C00972,High,academic
C00973,Critical,legal
C00974,High,legal
C00975,Medium,legal
C00976,Medium,legal
C00977,Medium,legal
C00978,Critical,legal
C00979,High,legal
C00980,Low,academic
C00981,Critical,legal
C00982,Low,legal
C00983,Critical,legal
C00984,Medium,legal
C00985,Critical,legal
C00986,Medium,legal
C00987,Low,academic
C00988,Medium,legal
C00989,Medium,legal
C00990,Medium,legal
C00991,Low,legal
C00992,Medium,legal
C00993,Low,legal
C00994,Critical,privacy
C00995,Low,legal
C00996,Medium,legal
C00997,Critical,legal
C00998,High,legal
C00999,Critical,legal
C01000,Low,legal
C01001,Low,legal
C01002,High,legal
C01003,Critical,hr
C01004,Critical,legal
C01005,High,legal
C01006,High,legal
C01007,High,legal
C01008,Critical,legal
C01009,Low,legal
C01010,Medium,legal
C01011,Medium,legal
C01012,Low,academic
C01013,Critical,legal
C01014,Medium,legal
C01015,High,legal
C01016,Critical,legal
C01017,High,legal
C01018,Medium,legal
C01019,High,legal
C01020,Critical,hr
C01021,Low,legal
C01022,Low,hr
C01023,Medium,privacy
C01024,High,legal
C01025,High,privacy
C01026,Low,legal
C01027,Medium,legal
C01028,Medium,legal
C01029,Critical,hr
C01030,Critical,legal
C01031,Medium,legal
C01032,High,legal
C01033,Medium,legal
C01034,Critical,legal
C01035,Medium,legal
C01036,Medium,legal
C01037,Low,legal
C01038,Critical,legal
C01039,Critical,hr
C01040,Critical,legal
C01041,High,hr
C01042,High,legal
C01043,Low,legal
C01044,Medium,legal
C01045,High,legal
C01046,Low,legal
C01047,High,legal
C01048,High,privacy
C01049,Low,academic
C01050,Medium,legal
C01051,Critical,legal
C01052,Critical,legal
C01053,Critical,legal
C01054,Critical,legal
C01055,Low,legal
C01056,Low,legal
C01057,Medium,legal
C01058,Critical,legal
C01059,Low,legal
C01060,Critical,legal
C01061,Medium,legal
C01062,Medium,legal
C01063,Medium,legal
C01064,High,legal
C01065,Low,academic
C01066,Medium,legal
C01067,High,hr
C01068,Medium,legal
C01069,High,legal
C01070,High,legal
C01071,High,legal
C01072,Low,legal
C01073,Critical,legal
C01074,Low,legal
C01075,Low,legal
C01076,Medium,legal
C01077,Low,legal
C01078,Medium,legal
C01079,Critical,legal
C01080,Low,legal
C01081,Critical,legal
C01082,Critical,legal
C01083,High,legal
C01084,Medium,legal
C01085,Low,academic
C01086,High,legal
C01087,Critical,legal
C01088,Critical,academic
C01089,Medium,legal
C01090,Low,hr
C01091,Critical,legal
C01092,Critical,legal
C01093,Low,academic
C01094,Critical,academic
C01095,Critical,legal
C01096,Medium,legal
C01097,Critical,privacy
C01098,Medium,legal
C01099,Medium,legal
C01100,High,legal
C01101,Medium,legal
C01102,Critical,legal
C01103,High,legal
C01104,Critical,legal
C01105,Medium,legal
C01106,High,legal
C01107,High,legal
C01108,Medium,legal
C01109,Critical,legal
C01110,Medium,legal
C01111,Low,legal
C01112,High,legal
C01113,High,legal
C01114,Critical,hr
C01115,Critical,academic
C01116,Low,legal
C01117,Medium,legal
C01118,Low,academic
C01119,High,legal
C01120,High,legal
C01121,Critical,legal
C01122,High,legal
C01123,Critical,academic
C01124,Low,legal
C01125,Critical,legal
C01126,Medium,legal
C01127,Medium,legal
C01128,High,legal
C01129,Low,legal
C01130,High,legal
C01131,High,privacy
C01132,High,legal
C01133,High,academic
C01134,High,legal
C01135,Low,academic
C01136,Medium,legal
C01137,Medium,legal
C01138,Medium,legal
C01139,Medium,legal
C01140,High,legal
C01141,Low,legal
C01142,Medium,legal
C01143,Medium,legal
C01144,Low,legal
C01145,High,legal
C01146,Low,hr
C01147,Medium,academic
C01148,High,legal
C01149,Low,legal
C01150,Medium,legal
C01151,Medium,legal
C01152,Medium,legal
C01153,High,legal
C01154,Medium,legal
C01155,High,hr
C01156,Low,legal
C01157,Medium,legal
C01158,High,legal
C01159,Critical,academic
C01160,Critical,legal
C01161,Low,legal
C01162,Critical,legal
C01163,Low,hr
C01164,High,legal
C01165,High,legal
C01166,High,legal
C01167,Low,legal
C01168,Critical,legal
C01169,Low,academic
C01170,Critical,legal
C01171,Low,legal
C01172,Medium,legal
C01173,Low,legal
C01174,Low,academic
C01175,Critical,legal
C01176,Medium,legal
C01177,Low,legal
C01178,High,legal
C01179,Medium,legal
C01180,Low,legal
C01181,Medium,legal
C01182,Medium,legal
C01183,Critical,legal
C01184,Medium,legal
C01185,Low,legal
C01186,Low,legal
C01187,Critical,legal
C01188,High,privacy
C01189,Critical,legal
C01190,Low,legal
C01191,Medium,legal
C01192,Medium,legal
C01193,Low,legal
C01194,Low,hr
C01195,High,legal
C01196,Low,legal
C01197,Critical,legal
C01198,High,legal
C01199,Critical,legal
C01200,Low,legal
C01201,Low,legal
C01202,Low,legal
C01203,Critical,hr
C01204,Low,legal
C01205,Medium,legal
C01206,High,legal
C01207,Low,legal
C01208,Medium,legal
C01209,High,legal
C01210,Critical,legal
C01211,High,legal
C01212,Critical,hr
C01213,Critical,legal
C01214,Critical,legal
C01215,Critical,privacy
C01216,High,hr
C01217,Critical,legal
C01218,Low,legal
C01219,High,legal
C01220,Critical,legal
C01221,Medium,legal
C01222,High,hr
C01223,Medium,legal
C01224,Medium,legal
C01225,Low,academic
C01226,High,academic
C01227,Critical,legal
C01228,Medium,legal
C01229,Low,legal
C01230,High,legal
C01231,Low,legal
C01232,High,privacy
C01233,Low,legal
C01234,Critical,legal
C01235,Critical,academic
C01236,High,legal
C01237,High,legal
C01238,Medium,legal
C01239,High,legal
C01240,Low,legal
C01241,Critical,hr
C01242,High,legal
C01243,Medium,legal
C01244,High,legal
C01245,Critical,academic
C01246,Critical,legal
C01247,Low,academic
C01248,Critical,legal
C01249,High,academic
C01250,Critical,legal
C01251,Critical,academic
C01252,Medium,legal
C01253,High,legal
C01254,High,hr
C01255,Low,academic
C01256,Medium,legal
C01257,Critical,legal
C01258,Critical,legal
C01259,Low,legal
C01260,Low,legal
C01261,High,legal
C01262,Low,legal
C01263,Low,legal
C01264,Medium,legal
C01265,Low,legal
C01266,Low,academic
C01267,Medium,legal
C01268,High,academic
C01269,High,legal
C01270,Low,legal
C01271,Medium,legal
C01272,Critical,legal
C01273,Medium,legal
C01274,Low,legal
C01275,High,legal
C01276,Medium,legal
C01277,Medium,legal
C01278,Critical,legal
C01279,Critical,academic
C01280,Medium,legal
C01281,Critical,privacy
C01282,Medium,legal
C01283,Critical,legal
C01284,Critical,legal
C01285,Medium,legal
C01286,High,hr
C01287,High,legal
C01288,Low,legal
C01289,High,hr
C01290,Medium,legal
C01291,Critical,hr
C01292,Medium,legal
C01293,Critical,legal
C01294,Critical,legal
C01295,Low,legal
C01296,High,legal
C01297,Critical,legal
C01298,High,legal
C01299,High,legal
C01300,Low,legal
C01301,High,legal
C01302,Critical,legal
C01303,Medium,legal
C01304,Low,legal
C01305,Low,legal
C01306,High,legal
C01307,High,legal
C01308,Low,legal
C01309,Medium,legal
C01310,Critical,hr
C01311,Low,legal
C01312,Critical,academic
C01313,Critical,privacy
C01314,Critical,legal
C01315,Low,legal
C01316,Critical,hr
C01317,High,legal
C01318,Medium,legal
C01319,Medium,legal
C01320,Medium,legal
C01321,Critical,legal
C01322,Low,legal
C01323,Low,legal
C01324,Medium,legal
C01325,Low,legal
C01326,Critical,legal
C01327,High,legal
C01328,Medium,legal
C01329,Low,legal
C01330,Low,legal
C01331,Critical,privacy
C01332,High,legal
C01333,High,privacy
C01334,Critical,hr
C01335,High,legal
C01336,Critical,hr
C01337,High,legal
C01338,Critical,legal
C01339,Medium,legal
C01340,Low,hr
C01341,Low,legal
C01342,Critical,hr
C01343,High,legal
C01344,Low,legal
C01345,Low,legal
C01346,Critical,legal
C01347,High,academic
C01348,Low,legal
C01349,Critical,legal
C01350,High,legal
C01351,Medium,legal
C01352,Medium,legal
C01353,Medium,legal
C01354,High,legal
C01355,Critical,legal
C01356,Low,academic
C01357,Critical,legal
C01358,Critical,legal
C01359,Critical,legal
C01360,Medium,legal
C01361,High,academic
C01362,Critical,legal
C01363,Medium,legal
C01364,Medium,legal
C01365,High,legal
C01366,Medium,legal
C01367,Critical,legal
C01368,High,legal
C01369,Medium,academic
C01370,Low,legal
C01371,Medium,legal
C01372,Medium,legal
C01373,Medium,legal
C01374,Medium,legal
C01375,High,academic
C01376,Low,hr
C01377,High,legal
C01378,Low,legal
C01379,Critical,legal
C01380,Critical,legal
C01381,Medium,legal
C01382,Low,legal
C01383,Medium,legal
C01384,High,legal
C01385,Medium,legal
C01386,Medium,legal
C01387,Low,legal
C01388,Low,legal
C01389,Low,legal
C01390,Medium,legal
C01391,Medium,legal
C01392,Medium,legal
C01393,Low,legal
C01394,High,legal
C01395,Low,legal
C01396,Low,academic
C01397,High,legal
C01398,Low,legal
C01399,Critical,legal
C01400,Critical,privacy
C01401,High,legal
C01402,Low,academic
C01403,Low,academic
C01404,Medium,legal
C01405,High,legal
C01406,Medium,hr
C01407,Low,legal
C01408,Critical,legal
C01409,High,academic
C01410,Low,legal
C01411,Critical,legal
C01412,High,legal
C01413,Medium,legal
C01414,Critical,hr
C01415,Low,legal
C01416,Low,legal
C01417,Medium,legal
C01418,High,legal
C01419,Critical,legal
C01420,Critical,privacy
C01421,Medium,legal
C01422,Critical,privacy
C01423,Medium,legal
C01424,Low,legal
C01425,Critical,legal
C01426,High,privacy
C01427,Critical,legal
C01428,Medium,legal
C01429,Medium,legal
C01430,Critical,privacy
C01431,Critical,hr
C01432,Medium,legal
C01433,Low,academic
C01434,High,legal
C01435,Critical,legal
C01436,High,legal
C01437,High,legal
C01438,Critical,legal
C01439,Low,legal
C01440,High,legal
C01441,Low,legal
C01442,Low,legal
C01443,Low,academic
C01444,High,legal
C01445,Medium,legal
C01446,Low,legal
C01447,Low,legal
C01448,Medium,legal
C01449,High,legal
C01450,High,legal
C01451,Low,legal
C01452,Low,hr
C01453,Critical,legal
C01454,Critical,legal
C01455,Low,legal
C01456,Medium,legal
C01457,Medium,legal
C01458,Critical,legal
C01459,Low,legal
C01460,High,legal
C01461,Low,legal
C01462,High,legal
C01463,High,legal
C01464,Low,academic
C01465,Critical,legal
C01466,Medium,legal
C01467,Low,legal
C01468,Low,legal
C01469,High,legal
C01470,Medium,legal
C01471,Low,legal
C01472,Low,legal
C01473,Low,legal
C01474,Critical,hr
C01475,Critical,hr
C01476,Critical,legal
C01477,Low,legal
C01478,Low,legal
C01479,High,hr
C01480,High,legal
C01481,Medium,legal
C01482,High,legal
C01483,Medium,legal
C01484,High,legal
C01485,Medium,legal
C01486,Low,legal
C01487,High,legal
C01488,High,legal
C01489,Medium,legal
C01490,High,legal
C01491,Critical,legal
C01492,High,legal
C01493,High,legal
C01494,Critical,legal
C01495,High,legal
C01496,Medium,academic
C01497,High,academic
C01498,Medium,legal
C01499,Medium,legal
C01500,Critical,legal
C01501,Medium,legal
C01502,High,legal
C01503,Critical,legal
C01504,Medium,legal
C01505,Low,legal
C01506,Medium,legal
C01507,High,hr
C01508,Critical,legal
C01509,Medium,legal
C01510,High,academic
C01511,Low,legal
C01512,Medium,hr
C01513,Low,legal
C01514,Medium,legal
C01515,Medium,legal
C01516,Medium,legal
C01517,High,legal
C01518,Low,legal
C01519,Low,legal
C01520,High,legal
C01521,High,legal
C01522,High,privacy
C01523,Critical,legal
C01524,Critical,academic
C01525,Critical,privacy
C01526,High,legal
C01527,Medium,legal
C01528,Medium,legal
C01529,High,legal
C01530,Critical,legal
C01531,High,hr
C01532,High,legal
C01533,High,legal
C01534,Low,legal
C01535,Low,legal
C01536,High,legal
C01537,Critical,legal
C01538,Low,legal
C01539,Low,legal
C01540,Medium,legal
C01541,Medium,legal
C01542,Medium,legal
C01543,Critical,legal
C01544,Low,legal
C01545,Low,legal
C01546,Low,legal
C01547,Medium,legal
C01548,Critical,academic
C01549,High,legal
C01550,Critical,hr
C01551,High,legal
C01552,Critical,hr
C01553,High,legal
C01554,Medium,hr
C01555,Medium,legal
C01556,Medium,legal
C01557,Critical,legal
C01558,Low,legal
C01559,Low,legal
C01560,Medium,legal
C01561,Low,legal
C01562,Low,legal
C01563,Medium,legal
C01564,High,academic
C01565,High,legal
C01566,Medium,legal
C01567,Medium,legal
C01568,High,privacy
C01569,High,legal
C01570,Low,legal
C01571,Medium,legal
C01572,High,legal
C01573,Critical,privacy
C01574,Critical,legal
C01575,Low,legal
C01576,Medium,legal
C01577,High,legal
C01578,Medium,legal
C01579,Critical,academic
C01580,High,legal
C01581,Low,legal
C01582,Low,legal
C01583,Critical,legal
C01584,Medium,legal
C01585,Critical,legal
C01586,High,hr
C01587,Critical,legal
C01588,Critical,legal
C01589,Medium,legal
C01590,High,privacy
C01591,Medium,legal
C01592,Medium,legal
C01593,Medium,legal
C01594,Medium,legal
C01595,Low,legal
C01596,Low,legal
C01597,High,academic
C01598,High,hr
C01599,Medium,legal
C01600,Critical,legal
C01601,High,legal
C01602,Critical,privacy
C01603,High,legal
C01604,Critical,hr
C01605,Low,legal
C01606,Low,legal
C01607,Medium,legal
C01608,Low,legal
C01609,Medium,legal
C01610,Low,academic
C01611,Critical,academic
C01612,Low,legal
C01613,Low,academic
C01614,Medium,legal
C01615,Low,academic
C01616,High,legal
C01617,Low,legal
C01618,Medium,legal
C01619,Medium,legal
C01620,Low,legal
C01621,Low,academic
C01622,High,legal
C01623,Medium,legal
C01624,High,legal
C01625,Critical,legal
C01626,Critical,privacy
C01627,High,legal
C01628,Critical,privacy
C01629,High,legal
C01630,High,legal
C01631,Critical,hr
C01632,Critical,privacy
C01633,Medium,legal
C01634,High,legal
C01635,High,legal
C01636,High,legal
C01637,Critical,legal
C01638,Low,legal
C01639,Critical,hr
C01640,Critical,hr
C01641,Medium,legal
C01642,High,academic
C01643,Medium,legal
C01644,High,legal
C01645,Low,legal
C01646,Medium,legal
C01647,Medium,legal
C01648,Critical,legal
C01649,Low,legal
C01650,High,legal
C01651,Low,legal
C01652,High,legal
C01653,High,legal
C01654,High,legal
C01655,Low,legal
C01656,Low,legal
C01657,Low,academic
C01658,Medium,legal
C01659,Low,legal
C01660,Critical,legal
C01661,Critical,legal
C01662,High,hr
C01663,Critical,legal
C01664,High,legal
C01665,Critical,hr
C01666,High,legal
C01667,Low,legal
C01668,Low,academic
C01669,Medium,legal
C01670,Low,legal
C01671,Medium,legal
C01672,High,legal
C01673,Medium,legal
C01674,Critical,privacy
C01675,Critical,legal
C01676,Critical,legal
C01677,High,legal
C01678,High,legal
C01679,Critical,legal
C01680,High,academic
C01681,High,legal
C01682,Low,legal
C01683,High,legal
C01684,High,legal
C01685,Medium,legal
C01686,Medium,legal
C01687,Medium,legal
C01688,Critical,legal
C01689,High,legal
C01690,High,legal
C01691,Medium,legal
C01692,Low,legal
C01693,Critical,legal
C01694,Medium,legal
C01695,Critical,hr
C01696,Low,legal
C01697,Low,legal
C01698,Critical,hr
C01699,Medium,legal
C01700,High,legal
C01701,Critical,legal
C01702,Critical,legal
C01703,Medium,legal
C01704,Medium,legal
C01705,High,legal
C01706,High,legal
C01707,Medium,legal
C01708,Medium,legal
C01709,Low,legal
C01710,Medium,legal
C01711,Medium,legal
C01712,Medium,legal
C01713,Medium,legal
C01714,Low,legal
C01715,Medium,legal
C01716,Medium,legal
C01717,High,legal
C01718,High,legal
C01719,Low,legal
C01720,High,legal
C01721,Medium,legal
C01722,High,academic
C01723,High,legal
C01724,Low,hr
C01725,High,legal
C01726,Medium,academic
C01727,Low,academic
C01728,Medium,legal
C01729,Critical,hr
C01730,Medium,legal
C01731,High,legal
C01732,Low,legal
C01733,Critical,legal
C01734,High,legal
C01735,Medium,legal
C01736,Critical,hr
C01737,High,legal
C01738,High,legal
C01739,Medium,hr
C01740,High,legal
C01741,High,legal
C01742,Low,academic
C01743,Critical,privacy
C01744,High,legal
C01745,Medium,legal
C01746,Critical,legal
C01747,Medium,legal
C01748,Medium,legal
C01749,High,legal
C01750,Critical,legal
C01751,Low,legal
C01752,Medium,legal
C01753,Low,legal
C01754,Medium,legal
C01755,High,legal
C01756,High,legal
C01757,Low,legal
C01758,Low,academic
C01759,Medium,legal
C01760,High,hr
C01761,High,legal
C01762,Low,academic
C01763,Medium,legal
C01764,Medium,legal
C01765,High,legal
C01766,Critical,legal
C01767,Low,legal
C01768,Critical,legal
C01769,Critical,legal
C01770,Critical,academic
C01771,Medium,legal
C01772,Critical,legal
C01773,Medium,legal
C01774,Low,legal
C01775,Low,legal
C01776,Low,legal
C01777,Low,legal
C01778,High,legal
C01779,Critical,legal
C01780,Critical,academic
C01781,Medium,legal
C01782,Medium,legal
C01783,Low,legal
C01784,Medium,legal
C01785,Medium,legal
C01786,Critical,legal
C01787,Low,academic
C01788,Critical,legal
C01789,Medium,legal
C01790,Low,academic
C01791,Critical,legal
C01792,Low,legal
C01793,High,hr
C01794,Low,legal
C01795,Low,legal
C01796,Critical,legal
C01797,Low,legal
C01798,Medium,hr
C01799,Critical,legal
C01800,High,academic
C01801,High,legal
C01802,Medium,legal
C01803,Low,legal
C01804,Low,legal
C01805,Low,legal
C01806,Medium,legal
C01807,Critical,hr
C01808,Low,legal
C01809,High,legal
C01810,Critical,legal
C01811,Critical,legal
C01812,Critical,legal
C01813,Medium,legal
C01814,Medium,legal
C01815,Low,legal
C01816,Critical,hr
C01817,Low,legal
C01818,Low,academic
C01819,Critical,legal
C01820,Medium,legal
C01821,Medium,legal
C01822,Medium,legal
C01823,Low,legal
C01824,Low,legal
C01825,Critical,legal
C01826,Medium,legal
C01827,Critical,academic
C01828,Low,legal
C01829,Medium,legal
C01830,High,legal
C01831,High,legal
C01832,Low,legal
C01833,Low,legal
C01834,High,legal
C01835,Medium,legal
C01836,Critical,legal
C01837,Medium,legal
C01838,Medium,legal
C01839,Low,legal
C01840,Low,legal
C01841,Low,legal
C01842,High,legal
C01843,High,hr
C01844,Low,legal
C01845,Low,legal
C01846,High,legal
C01847,High,legal
C01848,Critical,privacy
C01849,High,legal
C01850,High,hr
C01851,Critical,legal
C01852,High,legal
C01853,High,legal
C01854,Low,legal
C01855,Low,legal
C01856,Medium,legal
C01857,Medium,legal
C01858,Medium,legal
C01859,Medium,legal
C01860,Medium,legal
C01861,Critical,legal
C01862,Medium,legal
C01863,Critical,legal
C01864,Low,legal
C01865,Medium,legal
C01866,Low,legal
C01867,High,legal
C01868,Medium,legal
C01869,Medium,legal
C01870,High,legal
C01871,Low,legal
C01872,Medium,legal
C01873,Critical,legal
C01874,Low,legal
C01875,Low,legal
C01876,Medium,legal
C01877,High,legal
C01878,High,legal
C01879,High,academic
C01880,High,legal
C01881,Critical,legal
C01882,Medium,legal
C01883,Critical,legal
C01884,Medium,legal
C01885,Critical,legal
C01886,Medium,legal
C01887,Critical,legal
C01888,Medium,legal
C01889,High,legal
C01890,Medium,legal
C01891,Medium,legal
C01892,Critical,legal
C01893,High,privacy
C01894,Medium,legal
C01895,High,legal
C01896,High,legal
C01897,Medium,legal
C01898,High,legal
C01899,High,legal
C01900,High,legal
C01901,Critical,legal
C01902,High,legal
C01903,Low,legal
C01904,High,legal
C01905,High,academic
C01906,Critical,legal
C01907,Medium,legal
C01908,High,legal
C01909,Critical,legal
C01910,High,academic
C01911,Low,legal
C01912,Medium,legal
C01913,Critical,legal
C01914,Low,hr
C01915,High,legal
C01916,Critical,privacy
C01917,Medium,legal
C01918,Low,legal
C01919,Critical,academic
C01920,Critical,hr
C01921,Medium,legal
C01922,High,legal
C01923,High,legal
C01924,Low,legal
C01925,Low,legal
C01926,Critical,legal
C01927,Critical,legal
C01928,High,legal
C01929,Low,legal
C01930,Medium,legal
C01931,High,legal
C01932,High,legal
C01933,Low,legal
C01934,Low,legal
C01935,Low,legal
C01936,Medium,legal
C01937,High,legal
C01938,High,legal
C01939,Medium,legal
C01940,Medium,legal
C01941,Critical,academic
C01942,Critical,academic
C01943,Low,legal
C01944,High,legal
C01945,Critical,legal
C01946,Low,legal
C01947,Medium,legal
C01948,Medium,legal
C01949,Medium,legal
C01950,High,legal
C01951,Low,legal
C01952,Medium,legal
C01953,High,legal
C01954,Critical,legal
C01955,High,legal
C01956,Low,academic
C01957,Critical,legal
C01958,Medium,legal
C01959,High,legal
C01960,Low,legal
C01961,Critical,privacy
C01962,High,legal
C01963,Low,academic
C01964,High,legal
C01965,Medium,legal
C01966,Low,academic
C01967,Medium,legal
C01968,Critical,legal
C01969,Medium,legal
C01970,High,legal
C01971,Low,legal
C01972,Critical,legal
C01973,High,legal
C01974,Low,legal
C01975,High,academic
C01976,Medium,hr
C01977,Critical,legal
C01978,Medium,legal
C01979,Low,legal
C01980,Low,legal
C01981,High,legal
C01982,Low,academic
C01983,Medium,legal
C01984,High,legal
C01985,Medium,legal
C01986,Critical,legal
C01987,Medium,legal
C01988,Low,academic
C01989,Low,academic
C01990,High,academic
C01991,Low,legal
C01992,High,legal
C01993,Critical,hr
C01994,Medium,legal
C01995,Low,legal
C01996,Critical,legal
C01997,Critical,privacy
C01998,High,legal
C01999,High,legal
C02000,High,legal
C02001,Medium,legal
C02002,Critical,legal
C02003,Critical,legal
C02004,High,legal
C02005,High,legal
C02006,Medium,legal
C02007,Critical,legal
C02008,High,legal
C02009,Medium,legal
C02010,Critical,hr
C02011,Low,legal
C02012,Medium,legal
C02013,Low,legal
C02014,High,legal
C02015,High,hr
C02016,Medium,legal
C02017,Medium,legal
C02018,High,legal
C02019,Critical,legal
C02020,Medium,hr
C02021,High,legal
C02022,Critical,legal
C02023,Low,hr
C02024,Low,legal
C02025,High,legal
C02026,Medium,legal
C02027,Medium,legal
C02028,Medium,hr
C02029,Critical,legal
C02030,Critical,legal
C02031,Medium,legal
C02032,Medium,legal
C02033,Critical,hr
C02034,Low,legal
C02035,High,legal
C02036,Low,hr
C02037,Medium,legal
C02038,High,legal
C02039,High,legal
C02040,Critical,privacy
C02041,Medium,legal
C02042,Critical,legal
C02043,Medium,legal
C02044,Medium,legal
C02045,Medium,academic
C02046,Critical,legal
C02047,High,legal
C02048,Low,legal
C02049,Low,legal
C02050,Medium,academic
C02051,Critical,legal
C02052,Low,legal
C02053,Critical,legal
C02054,High,legal
C02055,Critical,legal
C02056,Medium,hr
C02057,Medium,legal
C02058,Medium,legal
C02059,High,legal
C02060,High,legal
C02061,High,legal
C02062,High,legal
C02063,Critical,legal
C02064,High,legal
C02065,Low,academic
C02066,Medium,legal
C02067,Low,legal
C02068,Low,legal
C02069,Low,legal
C02070,High,legal
C02071,Critical,legal
C02072,High,legal
C02073,Medium,legal
C02074,Critical,legal
C02075,Critical,hr
C02076,High,legal
C02077,Low,academic
C02078,Critical,hr
C02079,Low,academic
C02080,Critical,legal
C02081,High,legal
C02082,Low,academic
C02083,Critical,legal
C02084,Critical,legal
C02085,Medium,legal
C02086,Medium,legal
C02087,Critical,legal
C02088,Critical,legal
C02089,High,legal
C02090,Low,academic
C02091,Critical,legal
C02092,High,legal
C02093,Medium,legal
C02094,Medium,legal
C02095,Critical,hr
C02096,Critical,legal
C02097,Critical,legal
C02098,Critical,legal
C02099,Critical,legal
C02100,Low,legal
C02101,Critical,legal
C02102,Medium,legal
C02103,Low,legal
C02104,Critical,legal
C02105,Medium,legal
C02106,Critical,legal
C02107,Low,legal
C02108,Medium,legal
C02109,Medium,legal
C02110,Medium,hr
C02111,Medium,legal
C02112,High,legal
C02113,High,legal
C02114,Medium,legal
C02115,Medium,legal
C02116,Critical,hr
C02117,Low,academic
C02118,Low,legal
C02119,High,legal
C02120,Critical,hr
C02121,Low,legal
C02122,Critical,legal
C02123,Low,legal
C02124,Low,legal
C02125,High,legal
C02126,Critical,legal
C02127,Low,legal
C02128,Critical,legal
C02129,Critical,legal
C02130,Medium,legal
C02131,Low,legal
C02132,Medium,legal
C02133,High,academic
C02134,Low,legal
C02135,Low,legal
C02136,Medium,legal
C02137,Low,academic
C02138,High,legal
C02139,Medium,legal
C02140,Medium,legal
C02141,Medium,legal
C02142,High,legal
C02143,Medium,legal
C02144,Critical,legal
C02145,Low,legal
C02146,High,legal
C02147,Medium,legal
C02148,Critical,legal
C02149,Critical,legal
C02150,Low,legal
C02151,Medium,legal
C02152,Medium,legal
C02153,Low,legal
C02154,Medium,legal
C02155,Medium,legal
C02156,High,legal
C02157,Low,legal
C02158,Low,legal
C02159,Medium,academic
C02160,Low,legal
C02161,High,hr
C02162,Medium,legal
C02163,Critical,legal
C02164,Critical,hr
C02165,High,academic
C02166,Critical,legal
C02167,Critical,legal
C02168,Low,legal
C02169,Medium,legal
C02170,Low,hr
C02171,Low,legal
C02172,Medium,legal
C02173,Medium,legal
C02174,High,legal
C02175,Low,legal
C02176,High,legal
C02177,Critical,legal
C02178,Critical,legal
C02179,High,hr
C02180,Medium,legal
C02181,High,academic
C02182,Low,legal
C02183,Critical,legal
C02184,Low,legal
C02185,High,legal
C02186,High,legal
C02187,Critical,legal
C02188,Critical,legal
C02189,Low,legal
C02190,Medium,legal
C02191,High,legal
C02192,Medium,legal
C02193,Low,academic
C02194,High,academic
C02195,Low,legal
C02196,Critical,legal
C02197,Low,academic
C02198,High,privacy
C02199,Medium,legal
C02200,Medium,legal
C02201,High,legal
C02202,High,academic
C02203,Medium,legal
C02204,Low,legal
C02205,Critical,legal
C02206,Low,legal
C02207,Critical,legal
C02208,Medium,legal
C02209,High,legal
C02210,Critical,privacy
C02211,High,legal
C02212,Medium,legal
C02213,High,hr
C02214,Medium,legal
C02215,Critical,legal
C02216,Medium,legal
C02217,Low,legal
C02218,Low,legal
C02219,Critical,legal
C02220,High,legal
C02221,Medium,academic
C02222,Low,legal
C02223,Medium,legal
C02224,Critical,academic
C02225,Medium,legal
C02226,Medium,legal
C02227,Critical,legal
C02228,Medium,legal
C02229,Medium,legal
C02230,Critical,legal
C02231,Medium,legal
C02232,Critical,academic
C02233,Low,legal
C02234,Medium,hr
C02235,Low,academic
C02236,Critical,privacy
C02237,Critical,legal
C02238,Medium,hr
C02239,Low,legal
C02240,High,hr
C02241,Critical,legal
C02242,Medium,legal
C02243,Low,legal
C02244,Critical,legal
C02245,Critical,legal
C02246,Medium,legal
C02247,High,legal
C02248,Critical,legal
C02249,High,legal
C02250,Critical,legal
C02251,Low,legal
C02252,Medium,legal
C02253,Critical,legal
C02254,High,hr
C02255,High,privacy
C02256,Critical,legal
C02257,Critical,legal
C02258,Low,legal
C02259,Medium,legal
C02260,Medium,legal
C02261,Low,legal
C02262,Medium,legal
C02263,High,academic
C02264,Low,legal
C02265,High,legal
C02266,High,legal
C02267,Critical,hr
C02268,High,legal
C02269,Medium,legal
C02270,Critical,legal
C02271,Medium,legal
C02272,Low,academic
C02273,Critical,legal
C02274,High,legal
C02275,Low,legal
C02276,Critical,legal
C02277,Low,legal
C02278,Medium,legal
C02279,Low,legal
C02280,Low,legal
C02281,Medium,legal
C02282,High,legal
C02283,High,academic
C02284,Low,legal
C02285,Low,legal
C02286,Low,academic
C02287,Medium,hr
C02288,High,legal
C02289,Low,legal
C02290,Medium,legal
C02291,Low,legal
C02292,Medium,legal
C02293,High,legal
C02294,High,legal
C02295,Low,legal
C02296,Medium,legal
C02297,Low,legal
C02298,Medium,legal
C02299,Low,legal
C02300,High,hr
C02301,Low,legal
C02302,Low,academic
C02303,Low,legal
C02304,High,legal
C02305,Low,legal
C02306,Critical,legal
C02307,Critical,legal
C02308,Medium,legal
C02309,High,legal
C02310,High,legal
C02311,Critical,privacy
C02312,Critical,legal
C02313,Critical,legal
C02314,Medium,legal
C02315,High,academic
C02316,High,privacy
C02317,Critical,legal
C02318,High,legal
C02319,Medium,legal
C02320,Critical,legal
C02321,High,legal
C02322,Medium,legal
C02323,Low,legal
C02324,Medium,legal
C02325,Medium,legal
C02326,High,hr
C02327,High,legal
C02328,High,legal
C02329,High,legal
C02330,Critical,privacy
C02331,Medium,legal
C02332,Critical,legal
C02333,Critical,legal
C02334,Critical,legal
C02335,Critical,academic
C02336,Low,legal
C02337,Low,legal
C02338,Critical,legal
C02339,Medium,legal
C02340,High,legal
C02341,High,hr
C02342,High,academic
C02343,High,hr
C02344,High,academic
C02345,Low,legal
C02346,Critical,legal
C02347,Low,legal
C02348,High,privacy
C02349,Medium,legal
C02350,Medium,legal
C02351,Low,academic
C02352,Critical,legal
C02353,Low,legal
C02354,High,legal
C02355,Low,legal
C02356,Low,legal
C02357,High,legal
C02358,High,legal
C02359,Critical,legal
C02360,Medium,legal
C02361,High,legal
C02362,High,legal
C02363,Medium,legal
C02364,High,legal
C02365,High,legal
C02366,Critical,legal
C02367,Medium,legal
C02368,Medium,legal
C02369,Medium,legal
C02370,Medium,legal
C02371,Low,academic
C02372,Medium,legal
C02373,Critical,legal
C02374,Critical,privacy
C02375,Low,legal
C02376,Critical,legal
C02377,Critical,legal
C02378,Critical,legal
C02379,Low,legal
C02380,Critical,legal
C02381,Medium,legal
C02382,Medium,legal
C02383,Low,academic
C02384,High,legal
C02385,Medium,legal
C02386,Low,legal
C02387,Critical,legal
C02388,Medium,legal
C02389,Critical,legal
C02390,Low,legal
C02391,High,privacy
C02392,Critical,legal
C02393,Critical,hr
C02394,Low,academic
C02395,Critical,legal
C02396,Low,legal
C02397,Critical,legal
C02398,Medium,legal
C02399,Low,legal
C02400,Low,hr
C02401,Critical,legal
C02402,High,legal
C02403,Low,legal
C02404,Low,academic
C02405,High,legal
C02406,Medium,legal
C02407,Critical,hr
C02408,Critical,academic
C02409,Critical,legal
C02410,Critical,legal
C02411,High,academic
C02412,High,legal
C02413,Low,legal
C02414,Critical,legal
C02415,Low,legal
C02416,Medium,legal
C02417,Low,legal
C02418,Critical,legal
C02419,Critical,legal
C02420,High,legal
C02421,Medium,legal
C02422,High,legal
C02423,Low,legal
C02424,High,legal
C02425,Low,legal
C02426,Critical,legal
C02427,High,legal
C02428,Critical,legal
C02429,Critical,legal
C02430,Medium,legal
C02431,Medium,legal
C02432,Medium,legal
C02433,Critical,privacy
C02434,Critical,legal
C02435,High,privacy
C02436,Critical,legal
C02437,Critical,legal
C02438,Critical,academic
C02439,Critical,hr
C02440,Low,legal
C02441,High,legal
C02442,Low,legal
C02443,Critical,legal
C02444,High,academic
C02445,Medium,legal
C02446,Low,legal
C02447,High,academic
C02448,Low,legal
C02449,Low,legal
C02450,High,legal
C02451,High,legal
C02452,Medium,legal
C02453,Medium,legal
C02454,High,legal
C02455,High,legal
C02456,Low,legal
C02457,Critical,legal
C02458,Critical,legal
C02459,High,legal
C02460,Low,legal
C02461,Low,legal
C02462,Medium,legal
C02463,Low,legal
C02464,Medium,legal
C02465,Medium,legal
C02466,Critical,legal
C02467,Medium,legal
C02468,Critical,legal
C02469,Critical,hr
C02470,Medium,hr
C02471,Low,academic
C02472,Medium,legal
C02473,Medium,legal
C02474,Medium,legal
C02475,Medium,legal
C02476,Medium,legal
C02477,Medium,legal
C02478,Low,legal
C02479,Low,legal
C02480,High,legal
C02481,Low,legal
C02482,Medium,legal
C02483,High,legal
C02484,Low,legal
C02485,Medium,legal
C02486,Critical,privacy
C02487,Medium,legal
C02488,Low,legal
C02489,High,legal
C02490,Low,legal
C02491,Low,legal
C02492,Medium,legal
C02493,Medium,academic
C02494,Critical,academic
C02495,Critical,privacy
C02496,Medium,legal
C02497,Critical,academic
C02498,High,legal
C02499,Low,legal
C02500,Low,legal
C02501,Low,legal
C02502,Medium,privacy
C02503,Medium,legal
C02504,Critical,legal
C02505,Critical,academic
C02506,Medium,legal
C02507,Low,academic
C02508,Critical,legal
C02509,High,legal
C02510,High,legal
C02511,Low,legal
C02512,High,legal
C02513,Critical,legal
C02514,High,legal
C02515,Critical,privacy
C02516,Medium,legal
C02517,Low,legal
C02518,Medium,legal
C02519,Critical,legal
C02520,Critical,legal
C02521,Critical,legal
C02522,Medium,legal
C02523,Low,legal
C02524,Medium,legal
C02525,High,legal
C02526,Critical,legal
C02527,High,legal
C02528,High,legal
C02529,Medium,legal
C02530,Low,legal
C02531,High,legal
C02532,Medium,legal
C02533,Medium,legal
C02534,Medium,legal
C02535,Low,academic
C02536,Low,legal
C02537,Critical,privacy
C02538,Medium,legal
C02539,High,legal
C02540,Low,legal
C02541,High,hr
C02542,Critical,hr
C02543,Critical,legal
C02544,Critical,legal
C02545,Low,legal
C02546,Medium,legal
C02547,Critical,legal
C02548,High,privacy
C02549,High,legal
C02550,Medium,legal
C02551,Low,academic
C02552,Low,legal
C02553,Critical,hr
C02554,Low,legal
C02555,High,legal
C02556,Low,legal
C02557,Low,legal
C02558,Medium,legal
C02559,Low,legal
C02560,Low,legal
C02561,Low,legal
C02562,Critical,legal
C02563,Low,legal
C02564,Critical,legal
C02565,High,legal
C02566,Medium,legal
C02567,Critical,hr
C02568,Critical,legal
C02569,High,privacy
C02570,Low,legal
C02571,Critical,legal
C02572,Low,legal
C02573,Low,legal
C02574,Critical,academic
C02575,Critical,legal
C02576,Medium,legal
C02577,Medium,legal
C02578,Critical,legal
C02579,Critical,legal
C02580,Critical,legal
C02581,Medium,legal
C02582,Critical,legal
C02583,Critical,academic
C02584,High,privacy
C02585,Critical,legal
C02586,Medium,legal
C02587,High,legal
C02588,High,hr
C02589,Low,legal
C02590,High,legal
C02591,Critical,academic
C02592,High,legal
C02593,Medium,legal
C02594,Low,legal
C02595,Medium,legal
C02596,High,hr
C02597,Critical,legal
C02598,Critical,legal
C02599,High,legal
C02600,Low,academic
C02601,Medium,legal
C02602,Medium,legal
C02603,Medium,legal
C02604,Low,legal
C02605,High,privacy
C02606,Critical,legal
C02607,Critical,legal
C02608,Critical,legal
C02609,High,privacy
C02610,Low,legal
C02611,Medium,legal
C02612,High,legal
C02613,Medium,legal
C02614,Low,legal
C02615,Critical,legal
C02616,Low,legal
C02617,Low,legal
C02618,High,legal
C02619,Critical,privacy
C02620,Low,legal
C02621,Critical,legal
C02622,Low,academic
C02623,Critical,legal
C02624,Medium,legal
C02625,Medium,legal
C02626,Critical,academic
C02627,Critical,legal
C02628,Low,legal
C02629,Medium,legal
C02630,Critical,legal
C02631,Low,legal
C02632,Medium,legal
C02633,Critical,privacy
C02634,Medium,legal
C02635,High,legal
C02636,High,legal
C02637,High,legal
C02638,Low,legal
C02639,Critical,academic
C02640,Critical,hr
C02641,Low,legal
C02642,High,legal
C02643,Critical,legal
C02644,Critical,legal
C02645,Low,legal
C02646,Medium,legal
C02647,Critical,legal
C02648,High,hr
C02649,Low,legal
C02650,Low,legal
C02651,Low,legal
C02652,Low,legal
C02653,High,legal
C02654,Low,academic
C02655,High,legal
C02656,High,legal
C02657,Critical,legal
C02658,Low,legal
C02659,Medium,legal
C02660,Medium,legal
C02661,Low,legal
C02662,Critical,legal
C02663,Low,legal
C02664,Critical,legal
C02665,Medium,legal
C02666,Low,legal
C02667,Low,academic
C02668,Critical,hr
C02669,Low,legal
C02670,Low,legal
C02671,Medium,legal
C02672,Medium,legal
C02673,Low,legal
C02674,Critical,legal
C02675,Low,legal
C02676,Medium,legal
C02677,Low,legal
C02678,High,legal
C02679,High,hr
C02680,Critical,legal
C02681,Medium,legal
C02682,Critical,legal
C02683,High,hr
C02684,Low,legal
C02685,Medium,legal
C02686,High,legal
C02687,Low,legal
C02688,High,legal
C02689,High,legal
C02690,Low,academic
C02691,High,legal
C02692,High,legal
C02693,Medium,legal
C02694,Critical,legal
C02695,Medium,legal
C02696,High,legal
C02697,Critical,legal
C02698,Critical,legal
C02699,High,legal
C02700,Critical,legal
C02701,Medium,legal
C02702,Low,legal
C02703,Medium,legal
C02704,Critical,legal
C02705,Medium,legal
C02706,Critical,legal
C02707,Medium,legal
C02708,Low,legal
C02709,Critical,legal
C02710,Medium,legal
C02711,Low,legal
C02712,Critical,legal
C02713,Low,legal
C02714,Medium,legal
C02715,High,academic
C02716,Critical,legal
C02717,Low,legal
C02718,Medium,legal
C02719,Critical,academic
C02720,Critical,legal
C02721,Medium,legal
C02722,Medium,legal
C02723,Low,legal
C02724,Medium,legal
C02725,High,legal
C02726,Low,legal
C02727,Low,legal
C02728,High,academic
C02729,Low,legal
C02730,High,legal
C02731,High,legal
C02732,Critical,legal
C02733,High,legal
C02734,Medium,legal
C02735,Medium,legal
C02736,High,legal
C02737,Low,legal
C02738,Critical,legal
C02739,High,legal
C02740,Medium,legal
C02741,Medium,legal
C02742,Critical,legal
C02743,Critical,hr
C02744,Medium,legal
C02745,Critical,legal
C02746,Medium,legal
C02747,Medium,legal
C02748,High,legal
C02749,Low,legal
C02750,High,legal
C02751,Medium,legal
C02752,High,legal
C02753,Medium,legal
C02754,Medium,legal
C02755,High,hr
C02756,Low,legal
C02757,High,legal
C02758,Medium,legal
C02759,Critical,legal
C02760,High,privacy
C02761,Low,hr
C02762,High,legal
C02763,Low,legal
C02764,Medium,legal
C02765,Low,legal
C02766,Medium,legal
C02767,Low,academic
C02768,High,legal
C02769,High,privacy
C02770,Medium,legal
C02771,Critical,legal
C02772,High,legal
C02773,Low,legal
C02774,Low,legal
C02775,Low,legal
C02776,Medium,legal
C02777,Low,legal
C02778,High,hr
C02779,Low,academic
C02780,Critical,academic
C02781,Medium,legal
C02782,Critical,legal
C02783,Medium,legal
C02784,Critical,legal
C02785,High,legal
C02786,High,legal
C02787,Low,legal
C02788,Low,legal
C02789,Low,legal
C02790,High,legal
C02791,High,legal
C02792,High,legal
C02793,Medium,legal
C02794,Low,legal
C02795,Low,legal
C02796,Low,legal
C02797,Critical,legal
C02798,High,legal
C02799,Critical,legal
C02800,Medium,legal
C02801,Low,legal
C02802,Medium,legal
C02803,High,legal
C02804,High,legal
C02805,Low,legal
C02806,High,legal
C02807,Medium,legal
C02808,Medium,legal
C02809,Low,legal
C02810,High,legal
C02811,Critical,legal
C02812,High,legal
C02813,Low,legal
C02814,Medium,hr
C02815,Medium,hr
C02816,High,legal
C02817,High,academic
C02818,Critical,legal
C02819,Low,legal
C02820,Medium,legal
C02821,Critical,legal
C02822,Critical,legal
C02823,Medium,legal
C02824,Medium,legal
C02825,Critical,privacy
C02826,High,legal
C02827,High,legal
C02828,High,hr
C02829,Critical,legal
C02830,Critical,legal
C02831,Medium,legal
C02832,Low,legal
C02833,Critical,legal
C02834,Medium,legal
C02835,Critical,legal
C02836,Critical,legal
C02837,Critical,academic
C02838,Critical,legal
C02839,Low,legal
C02840,Low,academic
C02841,High,academic
C02842,Medium,legal
C02843,Low,legal
C02844,Low,academic
C02845,High,academic
C02846,Low,legal
C02847,Medium,legal
C02848,Critical,academic
C02849,Critical,legal
C02850,High,legal
C02851,Medium,legal
C02852,Critical,legal
C02853,Medium,legal
C02854,Medium,legal
C02855,High,legal
C02856,Critical,privacy
C02857,Critical,legal
C02858,High,legal
C02859,Critical,hr
C02860,Critical,legal
C02861,High,legal
C02862,Critical,privacy
C02863,Critical,legal
C02864,High,legal
C02865,Critical,legal
C02866,Medium,legal
C02867,Critical,legal
C02868,High,hr
C02869,Medium,legal
C02870,Critical,privacy
C02871,Low,legal
C02872,High,legal
C02873,Low,legal
C02874,Low,legal
C02875,Low,legal
C02876,Medium,legal
C02877,Medium,legal
C02878,High,legal
C02879,High,legal
C02880,Low,hr
C02881,Low,academic
C02882,Medium,legal
C02883,Low,legal
C02884,Low,academic
C02885,High,academic
C02886,Low,legal
C02887,Medium,legal
C02888,High,legal
C02889,High,legal
C02890,High,legal
C02891,Medium,legal
C02892,High,legal
C02893,Low,legal
C02894,Medium,legal
C02895,Medium,legal
C02896,Medium,legal
C02897,Critical,hr
C02898,Low,academic
C02899,High,legal
C02900,Critical,legal
C02901,Medium,legal
C02902,Low,legal
C02903,High,legal
C02904,Low,legal
C02905,Critical,legal
C02906,Critical,legal
C02907,Low,legal
C02908,Medium,legal
C02909,Medium,legal
C02910,Critical,legal
C02911,Medium,legal
C02912,Critical,legal
C02913,Medium,legal
C02914,High,legal
C02915,Low,legal
C02916,High,academic
C02917,Low,legal
C02918,Low,hr
C02919,Medium,legal
C02920,Critical,legal
C02921,High,legal
C02922,Low,legal
C02923,Low,legal
C02924,Low,legal
C02925,Low,legal
C02926,Low,legal
C02927,High,legal
C02928,Medium,legal
C02929,Low,legal
C02930,Critical,legal
C02931,High,legal
C02932,High,legal
C02933,High,academic
C02934,Critical,legal
C02935,High,privacy
C02936,Medium,legal
C02937,Medium,legal
C02938,Medium,legal
C02939,Critical,academic
C02940,Medium,legal
C02941,Critical,legal
C02942,Critical,legal
C02943,Critical,academic
C02944,Critical,legal
C02945,Critical,legal
C02946,Critical,legal
C02947,Critical,legal
C02948,Medium,legal
C02949,Low,academic
C02950,High,legal
C02951,Low,legal
C02952,Critical,academic
C02953,Medium,legal
C02954,High,legal
C02955,Medium,legal
C02956,High,legal
C02957,Critical,legal
C02958,Critical,academic
C02959,Medium,legal
C02960,Critical,legal
C02961,Medium,legal
C02962,High,legal
C02963,Medium,legal
C02964,Medium,legal
C02965,High,legal
C02966,Low,legal
C02967,Medium,legal
C02968,Medium,legal
C02969,High,hr
C02970,High,legal
C02971,High,legal
C02972,High,legal
C02973,Low,academic
C02974,Low,legal
C02975,Critical,hr
C02976,Medium,legal
C02977,Medium,legal
C02978,Medium,legal
C02979,High,privacy
C02980,Medium,legal
C02981,Low,academic
C02982,Critical,legal
C02983,High,academic
C02984,Low,legal
C02985,Low,legal
C02986,Critical,legal
C02987,Low,legal
C02988,Critical,legal
C02989,Critical,legal
C02990,Critical,legal
C02991,High,academic
C02992,Critical,privacy
C02993,High,legal
C02994,Low,legal
C02995,Critical,legal
C02996,Critical,legal
C02997,High,legal
C02998,High,legal
C02999,Low,academic
C03000,Medium,legal
C03001,Critical,privacy
C03002,Medium,legal
C03003,Low,academic
C03004,Critical,legal
C03005,Medium,legal
C03006,Critical,academic
C03007,High,legal
C03008,Medium,legal
C03009,Medium,legal
C03010,Critical,legal
C03011,High,legal
C03012,Medium,legal
C03013,Low,legal
C03014,Medium,legal
C03015,Critical,legal
C03016,Medium,legal
C03017,Critical,legal
C03018,Medium,legal
C03019,Medium,legal
C03020,Critical,hr
C03021,Critical,legal
C03022,High,legal
C03023,Low,legal
C03024,Critical,privacy
C03025,Critical,hr
C03026,High,privacy
C03027,Medium,legal
C03028,Critical,privacy
C03029,Medium,legal
C03030,Medium,legal
C03031,High,legal
C03032,Medium,legal
C03033,Medium,legal
C03034,High,legal
C03035,Low,academic
C03036,Medium,academic
C03037,Low,legal
C03038,Medium,legal
C03039,Critical,legal
C03040,Medium,legal
C03041,Critical,legal
C03042,Medium,legal
C03043,Low,legal
C03044,Medium,legal
C03045,Low,hr
C03046,Low,legal
C03047,Medium,legal
C03048,High,hr
C03049,Critical,hr
C03050,Low,legal
C03051,Critical,legal
C03052,Critical,legal
C03053,Low,privacy
C03054,High,legal
C03055,Critical,legal
C03056,Critical,academic
C03057,Medium,legal
C03058,Critical,hr
C03059,Critical,legal
C03060,Critical,legal
C03061,Medium,legal
C03062,High,legal
C03063,Medium,legal
C03064,Medium,legal
C03065,Low,academic
C03066,Low,legal
C03067,Low,academic
C03068,Critical,legal
C03069,High,privacy
C03070,Critical,legal
C03071,Low,legal
C03072,Low,academic
C03073,Medium,legal
C03074,High,legal
C03075,Low,legal
C03076,High,legal
C03077,Critical,legal
C03078,Low,legal
C03079,Medium,legal
C03080,Low,legal
C03081,High,legal
C03082,Medium,legal
C03083,High,legal
C03084,High,legal
C03085,Medium,legal
C03086,Medium,hr
C03087,Critical,legal
C03088,Critical,legal
C03089,Low,legal
C03090,Critical,legal
C03091,Critical,legal
C03092,Low,legal
C03093,Medium,legal
C03094,High,legal
C03095,Low,academic
C03096,Critical,legal
C03097,Low,legal
C03098,Medium,legal
C03099,High,legal
C03100,Critical,legal
C03101,Critical,legal
C03102,Low,legal
C03103,Low,legal
C03104,High,legal
C03105,Critical,legal
C03106,Medium,legal
C03107,Critical,legal
C03108,High,legal
C03109,Low,legal
C03110,Low,hr
C03111,Low,legal
C03112,Low,legal
C03113,Medium,legal
C03114,Critical,legal
C03115,Medium,legal
C03116,High,legal
C03117,High,legal
C03118,Critical,legal
C03119,Critical,legal
C03120,Medium,legal
C03121,High,legal
C03122,Critical,privacy
C03123,High,hr
C03124,Medium,legal
C03125,Critical,legal
C03126,Low,legal
C03127,Low,legal
C03128,Medium,legal
C03129,Medium,legal
C03130,Low,legal
C03131,High,legal
C03132,Low,academic
C03133,Medium,legal
C03134,High,legal
C03135,Critical,legal
C03136,Critical,privacy
C03137,Critical,legal
C03138,Medium,legal
C03139,Critical,legal
C03140,Medium,legal
C03141,Low,legal
C03142,Medium,legal
C03143,High,legal
C03144,High,legal
C03145,High,legal
C03146,Critical,legal
C03147,Critical,legal
C03148,Low,hr
C03149,Critical,legal
C03150,Critical,legal
C03151,Medium,legal
C03152,Medium,academic
C03153,High,legal
C03154,High,legal
C03155,Low,academic
C03156,Critical,legal
C03157,Low,legal
C03158,High,legal
C03159,Low,academic
C03160,High,legal
C03161,High,legal
C03162,Medium,legal
C03163,High,legal
C03164,Low,legal
C03165,High,legal
C03166,High,legal
C03167,High,legal
C03168,Low,legal
C03169,Low,legal
C03170,Medium,legal
C03171,Critical,privacy
C03172,High,privacy
C03173,Critical,privacy
C03174,High,legal
C03175,Medium,hr
C03176,Medium,legal
C03177,Low,academic
C03178,Medium,legal
C03179,Critical,legal
C03180,High,legal
C03181,Critical,legal
C03182,Critical,legal
C03183,Critical,hr
C03184,High,legal
C03185,High,legal
C03186,Critical,legal
C03187,Low,academic
C03188,Medium,legal
C03189,High,legal
C03190,Medium,legal
C03191,Low,academic
C03192,High,legal
C03193,High,privacy
C03194,Critical,legal
C03195,Critical,hr
C03196,Low,academic
C03197,Medium,legal
C03198,High,legal
C03199,Low,legal
C03200,Low,legal
C03201,Low,legal
C03202,Critical,hr
C03203,Critical,legal
C03204,Low,legal
C03205,Critical,legal
C03206,Low,hr
C03207,Critical,legal
C03208,Critical,legal
C03209,Low,academic
C03210,High,legal
C03211,Medium,legal
C03212,Low,legal
C03213,Low,legal
C03214,Low,legal
C03215,High,legal
C03216,High,legal
C03217,High,legal
C03218,Critical,legal
C03219,Critical,privacy
C03220,High,privacy
C03221,Critical,legal
C03222,Low,legal
C03223,High,legal
C03224,High,legal
C03225,High,privacy
C03226,Medium,legal
C03227,Low,legal
C03228,Medium,legal
C03229,High,legal
C03230,High,legal
C03231,Medium,legal
C03232,Low,hr
C03233,Medium,legal
C03234,High,legal
C03235,Medium,academic
C03236,Low,legal
C03237,High,legal
C03238,High,legal
C03239,High,legal
C03240,Medium,legal
C03241,Medium,legal
C03242,Critical,privacy
C03243,Low,legal
C03244,Low,legal
C03245,Medium,legal
C03246,Critical,legal
C03247,Medium,legal
C03248,Critical,privacy
C03249,Critical,hr
C03250,Low,academic
C03251,Low,legal
C03252,High,legal
C03253,Low,legal
C03254,Medium,legal
C03255,Medium,legal
C03256,High,academic
C03257,High,privacy
C03258,Medium,legal
C03259,High,academic
C03260,Medium,legal
C03261,High,legal
C03262,Low,legal
C03263,High,legal
C03264,Medium,academic
C03265,Medium,legal
C03266,Low,legal
C03267,Low,legal
C03268,Low,legal
C03269,Low,legal
C03270,Critical,academic
C03271,Critical,legal
C03272,Low,academic
C03273,Critical,legal
C03274,Medium,legal
C03275,Critical,legal
C03276,Low,legal
C03277,Medium,legal
C03278,Critical,privacy
C03279,Critical,legal
C03280,Medium,legal
C03281,Critical,hr
C03282,Low,legal
C03283,Medium,legal
C03284,Low,legal
C03285,Low,legal
C03286,Critical,legal
C03287,High,legal
C03288,Low,legal
C03289,High,academic
C03290,Critical,legal
C03291,Medium,legal
C03292,High,legal
C03293,High,legal
C03294,Critical,legal
C03295,Low,legal
C03296,Low,legal
C03297,Medium,legal
C03298,High,legal
C03299,Critical,legal
C03300,Low,academic
C03301,Medium,legal
C03302,Low,legal
C03303,Medium,legal
C03304,Low,legal
C03305,Critical,legal
C03306,High,hr
C03307,High,hr
C03308,Medium,academic
C03309,Medium,legal
C03310,Medium,legal
C03311,Medium,legal
C03312,High,academic
C03313,Critical,legal
C03314,Medium,legal
C03315,Low,academic
C03316,Critical,legal
C03317,Critical,legal
C03318,Low,legal
C03319,High,legal
C03320,High,legal
C03321,Critical,hr
C03322,Low,legal
C03323,Critical,legal
C03324,Critical,legal
C03325,Critical,privacy
C03326,Low,academic
C03327,High,legal
C03328,Low,academic
C03329,Medium,legal
C03330,Low,academic
C03331,Critical,hr
C03332,Medium,legal
C03333,Low,academic
C03334,Medium,legal
C03335,Critical,legal
C03336,Medium,legal
C03337,Low,legal
C03338,High,legal
C03339,Critical,legal
C03340,Medium,legal
C03341,Critical,hr
C03342,High,legal
C03343,High,privacy
C03344,High,legal
C03345,Low,academic
C03346,Low,legal
C03347,Medium,legal
C03348,Low,legal
C03349,High,hr
C03350,Medium,legal
C03351,Medium,legal
C03352,Low,academic
C03353,High,legal
C03354,Critical,academic
C03355,Medium,legal
C03356,Critical,hr
C03357,Critical,privacy
C03358,Medium,legal
C03359,High,legal
C03360,Critical,legal
C03361,Medium,legal
C03362,Low,legal
C03363,Critical,legal
C03364,High,legal
C03365,High,hr
C03366,Medium,legal
C03367,Low,legal
C03368,Low,legal
C03369,Medium,legal
C03370,Low,legal
C03371,Low,legal
C03372,Low,legal
C03373,Low,academic
C03374,High,privacy
C03375,Medium,legal
C03376,High,privacy
C03377,Medium,legal
C03378,Critical,legal
C03379,Low,academic
C03380,Low,legal
C03381,High,hr
C03382,High,legal
C03383,Critical,legal
C03384,Medium,legal
C03385,Medium,legal
C03386,Medium,legal
C03387,Medium,legal
C03388,Medium,legal
C03389,High,legal
C03390,Low,legal
C03391,Low,academic
C03392,Critical,legal
C03393,High,legal
C03394,Medium,legal
C03395,High,legal
C03396,Low,legal
C03397,High,legal
C03398,Low,legal
C03399,Low,legal
C03400,Medium,legal
C03401,Low,legal
C03402,Critical,academic
C03403,High,legal
C03404,Critical,hr
C03405,Low,legal
C03406,Low,legal
C03407,Medium,legal
C03408,Medium,legal
C03409,Critical,academic
C03410,High,legal
C03411,Critical,legal
C03412,High,legal
C03413,Low,legal
C03414,Critical,legal
C03415,Low,legal
C03416,Critical,legal
C03417,Critical,legal
C03418,High,legal
C03419,High,privacy
C03420,Medium,legal
C03421,Critical,legal
C03422,Critical,legal
C03423,Low,legal
C03424,High,legal
C03425,High,hr
C03426,High,academic
C03427,High,privacy
C03428,Medium,legal
C03429,Low,hr
C03430,Critical,legal
C03431,Critical,legal
C03432,Low,legal
C03433,High,academic
C03434,High,legal
C03435,High,academic
C03436,Critical,legal
C03437,Critical,legal
C03438,Critical,legal
C03439,Low,legal
C03440,Low,legal
C03441,Low,privacy
C03442,Critical,legal
C03443,Critical,academic
C03444,Critical,legal
C03445,Medium,legal
C03446,Medium,legal
C03447,Medium,legal
C03448,Medium,legal
C03449,Critical,legal
C03450,Low,legal
C03451,Low,legal
C03452,Critical,legal
C03453,Critical,legal
C03454,Critical,legal
C03455,High,legal
C03456,High,legal
C03457,Critical,legal
C03458,Low,legal
C03459,High,legal
C03460,Low,legal
C03461,Medium,legal
C03462,Low,privacy
C03463,Low,legal
C03464,Medium,legal
C03465,Low,legal
C03466,High,legal
C03467,Critical,legal
C03468,Critical,legal
C03469,High,academic
C03470,Medium,academic
C03471,Low,legal
C03472,Medium,legal
C03473,Medium,legal
C03474,Medium,legal
C03475,High,legal
C03476,Low,legal
C03477,Critical,legal
C03478,Critical,academic
C03479,Critical,legal
C03480,High,academic
C03481,Medium,legal
C03482,High,privacy
C03483,Critical,hr
C03484,Low,legal
C03485,High,academic
C03486,High,privacy
C03487,Medium,legal
C03488,High,legal
C03489,Critical,privacy
C03490,Medium,legal
C03491,Critical,legal
C03492,Medium,legal
C03493,Medium,legal
C03494,Critical,legal
C03495,Critical,legal
C03496,Critical,legal
C03497,Medium,legal
C03498,Low,academic
C03499,Medium,legal
C03500,Critical,legal
C03501,Medium,academic
C03502,Critical,legal
C03503,High,legal
C03504,High,legal
C03505,Critical,legal
C03506,Medium,legal
C03507,High,legal
C03508,Low,legal
C03509,Low,legal
C03510,Low,legal
C03511,Critical,academic
C03512,Low,privacy
C03513,Low,legal
C03514,Critical,academic
C03515,High,legal
C03516,Medium,legal
C03517,Critical,hr
C03518,Low,academic
C03519,High,legal
C03520,Medium,legal
C03521,Low,legal
C03522,Critical,legal
C03523,Medium,legal
C03524,Low,legal
C03525,High,legal
C03526,Critical,legal
C03527,Low,academic
C03528,High,legal
C03529,High,legal
C03530,Medium,legal
C03531,Critical,hr
C03532,Low,legal
C03533,Low,legal
C03534,Low,academic
C03535,Medium,legal
C03536,Medium,academic
C03537,Critical,hr
C03538,Low,academic
C03539,Critical,legal
C03540,High,legal
C03541,Critical,academic
C03542,Critical,legal
C03543,Low,legal
C03544,Critical,legal
C03545,Critical,legal
C03546,Critical,legal
C03547,Medium,legal
C03548,Low,legal
C03549,Low,legal
C03550,High,legal
C03551,Low,academic
C03552,Low,legal
C03553,Medium,legal
C03554,Low,academic
C03555,High,legal
C03556,Medium,legal
C03557,Medium,legal
C03558,High,legal
C03559,Low,legal
C03560,Critical,legal
C03561,Low,legal
C03562,Low,academic
C03563,Critical,legal
C03564,Critical,legal
C03565,Low,legal
C03566,Low,academic
C03567,Low,legal
C03568,High,legal
C03569,Critical,legal
C03570,Medium,hr
C03571,Medium,legal
C03572,Critical,legal
C03573,Low,legal
C03574,Critical,legal
C03575,Medium,legal
C03576,Low,legal
C03577,High,academic
C03578,Medium,legal
C03579,Low,academic
C03580,Low,legal
C03581,Medium,legal
C03582,Medium,legal
C03583,High,hr
C03584,Medium,legal
C03585,High,academic
C03586,Low,legal
C03587,Critical,legal
C03588,Critical,legal
C03589,Low,academic
C03590,Medium,legal
C03591,Low,legal
C03592,Critical,privacy
C03593,Low,legal
C03594,High,legal
C03595,High,legal
C03596,High,legal
C03597,Low,legal
C03598,High,hr
C03599,Low,legal
C03600,High,academic
C03601,Low,legal
C03602,Medium,legal
C03603,High,legal
C03604,Critical,legal
C03605,High,legal
C03606,Critical,legal
C03607,Low,legal
C03608,Medium,legal
C03609,Low,legal
C03610,Critical,legal
C03611,High,legal
C03612,Medium,legal
C03613,High,legal
C03614,Medium,legal
C03615,Critical,academic
C03616,Low,legal
C03617,Medium,legal
C03618,Low,legal
C03619,Low,legal
C03620,Critical,legal
C03621,Critical,hr
C03622,High,legal
C03623,High,legal
C03624,High,legal
C03625,Critical,legal
C03626,Critical,legal
C03627,High,legal
C03628,Low,legal
C03629,Medium,legal
C03630,Medium,legal
C03631,Critical,legal
C03632,High,legal
C03633,Medium,legal
C03634,Medium,legal
C03635,High,legal
C03636,Low,legal
C03637,Low,legal
C03638,Medium,legal
C03639,Low,academic
C03640,Low,legal
C03641,Low,legal
C03642,Critical,legal
C03643,Medium,legal
C03644,High,legal
C03645,Medium,legal
C03646,Medium,legal
C03647,Critical,legal
C03648,Low,legal
C03649,Low,legal
C03650,Critical,legal
C03651,Medium,legal
C03652,Low,legal
C03653,High,hr
C03654,Critical,legal
C03655,High,legal
C03656,Low,legal
C03657,High,legal
C03658,Medium,legal
C03659,High,legal
C03660,Medium,legal
C03661,High,legal
C03662,Critical,legal
C03663,Low,academic
C03664,Medium,legal
C03665,Medium,legal
C03666,Low,legal
C03667,High,legal
C03668,Medium,academic
C03669,Critical,hr
C03670,High,legal
C03671,High,hr
C03672,Medium,legal
C03673,Low,legal
C03674,Critical,academic
C03675,High,legal
C03676,High,legal
C03677,High,legal
C03678,Medium,legal
C03679,Low,academic
C03680,Low,legal
C03681,Medium,legal
C03682,Critical,legal
C03683,High,legal
C03684,Low,legal
C03685,Medium,legal
C03686,Low,legal
C03687,Critical,legal
C03688,High,legal
C03689,Low,legal
C03690,Critical,legal
C03691,Medium,legal
C03692,Medium,legal
C03693,Low,legal
C03694,High,academic
C03695,Low,legal
C03696,Critical,legal
C03697,Low,legal
C03698,Medium,legal
C03699,Medium,legal
C03700,Critical,legal
C03701,Critical,legal
C03702,Critical,legal
C03703,Critical,legal
C03704,Low,legal
C03705,Critical,legal
C03706,Low,legal
C03707,Critical,legal
C03708,Medium,legal
C03709,High,legal
C03710,High,legal
C03711,High,legal
C03712,Low,legal
C03713,High,legal
C03714,Low,legal
C03715,High,legal
C03716,High,legal
C03717,Low,academic
C03718,Medium,legal
C03719,Low,legal
C03720,High,legal
C03721,Critical,legal
C03722,High,legal
C03723,Medium,legal
C03724,Critical,legal
C03725,Critical,hr
C03726,Medium,legal
C03727,Critical,legal
C03728,Low,academic
C03729,Medium,legal
C03730,Low,legal
C03731,High,legal
C03732,Low,legal
C03733,Low,legal
C03734,Low,legal
C03735,Low,legal
C03736,High,legal
C03737,Low,academic
C03738,Medium,hr
C03739,High,legal
C03740,High,academic
C03741,High,hr
C03742,Low,legal
C03743,Low,legal
C03744,High,legal
C03745,Low,legal
C03746,Low,legal
C03747,High,legal
C03748,Critical,legal
C03749,Critical,hr
C03750,High,legal
C03751,Low,hr
C03752,Low,legal
C03753,Critical,legal
C03754,Critical,legal
C03755,High,academic
C03756,High,legal
C03757,Critical,legal
C03758,Low,legal
C03759,High,legal
C03760,High,legal
C03761,Critical,legal
C03762,Medium,legal
C03763,Medium,legal
C03764,High,legal
C03765,High,legal
C03766,High,legal
C03767,Low,legal
C03768,Medium,legal
C03769,Low,legal
C03770,High,privacy
C03771,Low,legal
C03772,Medium,legal
C03773,High,legal
C03774,High,legal
C03775,High,academic
C03776,Low,legal
C03777,Low,academic
C03778,Low,legal
C03779,High,legal
C03780,High,legal
C03781,Critical,legal
C03782,Medium,legal
C03783,Low,academic
C03784,High,academic
C03785,Medium,legal
C03786,Medium,legal
C03787,Medium,legal
C03788,High,academic
C03789,Low,legal
C03790,Low,legal
C03791,High,legal
C03792,High,legal
C03793,Medium,legal
C03794,High,legal
C03795,Critical,legal
C03796,Low,legal
C03797,High,legal
C03798,Medium,legal
C03799,Low,legal
C03800,Low,academic
C03801,Medium,legal
C03802,High,hr
C03803,High,legal
C03804,Critical,legal
C03805,High,hr
C03806,Critical,academic
C03807,Low,legal
C03808,Medium,legal
C03809,Critical,privacy
C03810,Low,legal
C03811,Low,academic
C03812,High,legal
C03813,Medium,academic
C03814,Low,legal
C03815,High,legal
C03816,High,legal
C03817,Critical,legal
C03818,Critical,legal
C03819,Medium,legal
C03820,Critical,hr
C03821,Critical,legal
C03822,Medium,legal
C03823,Low,legal
C03824,Low,legal
C03825,High,legal
C03826,Medium,legal
C03827,High,legal
C03828,Medium,legal
C03829,Low,academic
C03830,Critical,hr
C03831,High,legal
C03832,Medium,legal
C03833,High,legal
C03834,Medium,legal
C03835,Medium,legal
C03836,Critical,legal
C03837,High,legal
C03838,Low,legal
C03839,Medium,academic
C03840,Critical,hr
C03841,Low,legal
C03842,Low,legal
C03843,Medium,hr
C03844,Critical,legal
C03845,High,hr
C03846,Critical,academic
C03847,Medium,legal
C03848,Low,legal
C03849,Medium,legal
C03850,Low,academic
C03851,Medium,legal
C03852,Low,legal
C03853,High,legal
C03854,Critical,hr
C03855,Medium,legal
C03856,Critical,legal
C03857,High,legal
C03858,Critical,academic
C03859,Medium,legal
C03860,High,academic
C03861,High,privacy
C03862,Low,legal
C03863,High,privacy
C03864,Medium,legal
C03865,Medium,legal
C03866,High,legal
C03867,High,legal
C03868,Medium,legal
C03869,Critical,hr
C03870,Medium,legal
C03871,High,legal
C03872,Low,legal
C03873,Critical,legal
C03874,Critical,hr
C03875,Medium,legal
C03876,Critical,legal
C03877,Medium,legal
C03878,Critical,legal
C03879,High,legal
C03880,Critical,academic
C03881,Critical,legal
C03882,Low,hr
C03883,Medium,legal
C03884,Low,academic
C03885,Medium,legal
C03886,Low,legal
C03887,High,legal
C03888,High,legal
C03889,Low,academic
C03890,Low,legal
C03891,Critical,legal
C03892,Low,legal
C03893,Critical,legal
C03894,Medium,legal
C03895,Critical,legal
C03896,High,legal
C03897,Critical,legal
C03898,Critical,legal
C03899,High,legal
C03900,Medium,legal
C03901,Medium,legal
C03902,Critical,privacy
C03903,High,hr
C03904,Low,legal
C03905,Low,legal
C03906,High,legal
C03907,Medium,legal
C03908,Low,legal
C03909,High,legal
C03910,Low,hr
C03911,Low,legal
C03912,High,hr
C03913,High,legal
C03914,Low,legal
C03915,Medium,legal
C03916,Critical,academic
C03917,Critical,legal
C03918,Medium,legal
C03919,Low,legal
C03920,High,legal
C03921,Low,legal
C03922,High,academic
C03923,Medium,legal
C03924,High,academic
C03925,Medium,legal
C03926,Medium,legal
C03927,Low,legal
C03928,Medium,legal
C03929,Medium,legal
C03930,Critical,legal
C03931,Medium,legal
C03932,Medium,legal
C03933,Critical,legal
C03934,Medium,legal
C03935,High,legal
C03936,Medium,legal
C03937,Medium,legal
C03938,Medium,legal
C03939,Critical,legal
C03940,Low,legal
C03941,Low,legal
C03942,Low,legal
C03943,High,hr
C03944,Medium,legal
C03945,High,legal
C03946,Low,legal
C03947,High,academic
C03948,Critical,legal
C03949,Low,academic
C03950,Medium,legal
C03951,Low,academic
C03952,Critical,legal
C03953,High,academic
C03954,Critical,legal
C03955,Medium,legal
C03956,Low,legal
C03957,Medium,legal
C03958,Low,academic
C03959,Medium,legal
C03960,High,legal
C03961,Critical,legal
C03962,Low,legal
C03963,Medium,legal
C03964,Critical,legal
C03965,Medium,legal
C03966,Critical,legal
C03967,Low,legal
C03968,Critical,legal
C03969,High,legal
C03970,Medium,legal
C03971,Critical,hr
C03972,High,hr
C03973,Medium,legal
C03974,Medium,legal
C03975,Low,academic
C03976,High,legal
C03977,Medium,legal
C03978,Critical,legal
C03979,Low,legal
C03980,High,legal
C03981,Critical,privacy
C03982,Low,legal
C03983,Medium,legal
C03984,Low,legal
C03985,Low,legal
C03986,Medium,legal
C03987,High,privacy
C03988,Critical,legal
C03989,High,privacy
C03990,Critical,legal
C03991,Medium,legal
C03992,High,legal
C03993,Low,legal
C03994,Low,legal
C03995,High,legal
C03996,High,academic
C03997,High,privacy
C03998,Critical,hr
C03999,Low,legal
C04000,Low,legal
